{"full":[{"upper":[-0.19277465029302696,-0.17590854858287419,-0.15865679810412192,-0.13796461553791506,-0.11438360285819921,-0.096452671798313516,-0.069621168366399783,-0.041966101017299834,-0.014652551195265442,0.018307229263650547,0.063534312976136584,0.10780794520502039,0.16445091280548382,0.22510257246136278,0.29289190743913962,0.36993074673923887,0.45426456548418592,0.532004254901109,0.61104818728094734,0.69037964241792826,0.77561832432270372,0.85748849149784268,0.93866722288577376,1.022880607516043,1.1070939921463128],"lower":[-1.0238446325338557,-0.94937099834239613,-0.86447047071310845,-0.78465755725495145,-0.70691692002316442,-0.62637459411405016,-0.53420679522437076,-0.4615454088340083,-0.39055059466425252,-0.32250731350185857,-0.26078558180168487,-0.20186120911424252,-0.15854908751879,-0.11706774009975288,-0.078406280317161042,-0.045176075876304692,-0.020278242692667293,0.003119055381358371,0.02572960679557626,0.044986737208137374,0.071575010563332112,0.0934105483295419,0.11616117204880128,0.13181334306560732,0.15184931040468358],"fit_y":[-0.53,0.63],"fit_x":[-3.5,3.5]},{"upper":[-0.11708216549156376,-0.1023456843453201,-0.088992396525546968,-0.071274218563673719,-0.0534464304902385,-0.03820405215192467,-0.019843277798390239,0.0013616177471813262,0.021920022503730041,0.046159008412540926,0.069802553792179,0.10001469994193028,0.13345438613594762,0.16955159905704498,0.20583361622823659,0.24533644811407812,0.28899964950488538,0.33071226413576466,0.37738329197250958,0.42373406131352609,0.46977069528273857,0.51566119510128938,0.564138592700028,0.61096782416159168,0.65680169587485571],"lower":[-0.60211804321850115,-0.56115379790358966,-0.51706180729092921,-0.46758321405581749,-0.41952786929160707,-0.37008080557164436,-0.32741276209053272,-0.28432350729376821,-0.24382358434236878,-0.2121110615317913,-0.17951924148277953,-0.15113843263247145,-0.12361646571689078,-0.099842365021324792,-0.0794077054327691,-0.064084069304977426,-0.046574819739209822,-0.030860303371770578,-0.013103758967979577,0.0011678874428491387,0.016193048097594486,0.03106961441372192,0.0445220135359242,0.057797248573103907,0.071577303124238892],"fit_y":[-0.32,0.39],"fit_x":[-3.5,3.5]}]}